"","icc","FeatureName"
"1",0.966342078058099,"original_shape_Elongation"
"2",0.962141609110402,"original_shape_Flatness"
"3",0.98240668274421,"original_shape_LeastAxisLength"
"4",0.991661802369927,"original_shape_MajorAxisLength"
"5",0.989528886676718,"original_shape_Maximum2DDiameterColumn"
"6",0.992229112765526,"original_shape_Maximum2DDiameterRow"
"7",0.992265360743386,"original_shape_Maximum2DDiameterSlice"
"8",0.990092718342184,"original_shape_Maximum3DDiameter"
"9",0.997063050141605,"original_shape_MeshVolume"
"10",0.99444646926614,"original_shape_MinorAxisLength"
"11",0.959226356981138,"original_shape_Sphericity"
"12",0.997125844410457,"original_shape_SurfaceArea"
"13",0.976243824500182,"original_shape_SurfaceVolumeRatio"
"14",0.997078380010465,"original_shape_VoxelVolume"
"15",0.981113169078437,"original_firstorder_10Percentile"
"16",0.999150112615049,"original_firstorder_90Percentile"
"17",0.99654223310782,"original_firstorder_Energy"
"18",0.985909462358735,"original_firstorder_Entropy"
"19",0.98020714368339,"original_firstorder_InterquartileRange"
"20",0.974083502858499,"original_firstorder_Kurtosis"
"21",0.999999999999986,"original_firstorder_Maximum"
"22",0.985352936543897,"original_firstorder_MeanAbsoluteDeviation"
"23",0.995619439607035,"original_firstorder_Mean"
"24",0.994309035890961,"original_firstorder_Median"
"25",0.999999999999984,"original_firstorder_Minimum"
"26",0.999999999999987,"original_firstorder_Range"
"27",0.982847525308284,"original_firstorder_RobustMeanAbsoluteDeviation"
"28",0.995759431708934,"original_firstorder_RootMeanSquared"
"29",0.992939654805018,"original_firstorder_Skewness"
"30",0.99654223308802,"original_firstorder_TotalEnergy"
"31",0.982625729253246,"original_firstorder_Uniformity"
"32",0.98663498578891,"original_firstorder_Variance"
"33",0.996559573900712,"original_glcm_Autocorrelation"
"34",0.983532639055599,"original_glcm_ClusterProminence"
"35",0.985088512470015,"original_glcm_ClusterShade"
"36",0.980450964692332,"original_glcm_ClusterTendency"
"37",0.992060862751711,"original_glcm_Contrast"
"38",0.954079958766116,"original_glcm_Correlation"
"39",0.993226281197755,"original_glcm_DifferenceAverage"
"40",0.993559226948418,"original_glcm_DifferenceEntropy"
"41",0.992751474296714,"original_glcm_DifferenceVariance"
"42",0.994159847316229,"original_glcm_Id"
"43",0.994058967684831,"original_glcm_Idm"
"44",0.978928676872989,"original_glcm_Idmn"
"45",0.984285064253394,"original_glcm_Idn"
"46",0.967634191929084,"original_glcm_Imc1"
"47",0.957195197294467,"original_glcm_Imc2"
"48",0.985640407757931,"original_glcm_InverseVariance"
"49",0.995920882395097,"original_glcm_JointAverage"
"50",0.984454483161798,"original_glcm_JointEnergy"
"51",0.989462750063563,"original_glcm_JointEntropy"
"52",0.958627684822609,"original_glcm_MCC"
"53",0.982529120459883,"original_glcm_MaximumProbability"
"54",0.995920882418054,"original_glcm_SumAverage"
"55",0.982319919870756,"original_glcm_SumEntropy"
"56",0.985527437588548,"original_glcm_SumSquares"
"57",0.997742980769905,"original_glrlm_GrayLevelNonUniformity"
"58",0.980005796151551,"original_glrlm_GrayLevelNonUniformityNormalized"
"59",0.986153722129081,"original_glrlm_GrayLevelVariance"
"60",0.996416984719123,"original_glrlm_HighGrayLevelRunEmphasis"
"61",0.995382017326276,"original_glrlm_LongRunEmphasis"
"62",0.984753378244526,"original_glrlm_LongRunHighGrayLevelEmphasis"
"63",0.997419644278907,"original_glrlm_LongRunLowGrayLevelEmphasis"
"64",0.982431341272474,"original_glrlm_LowGrayLevelRunEmphasis"
"65",0.904058621188523,"original_glrlm_RunEntropy"
"66",0.995921182224856,"original_glrlm_RunLengthNonUniformity"
"67",0.989851595573179,"original_glrlm_RunLengthNonUniformityNormalized"
"68",0.992383134760518,"original_glrlm_RunPercentage"
"69",0.996363307841025,"original_glrlm_RunVariance"
"70",0.991032028520134,"original_glrlm_ShortRunEmphasis"
"71",0.99694319863191,"original_glrlm_ShortRunHighGrayLevelEmphasis"
"72",0.980328531376706,"original_glrlm_ShortRunLowGrayLevelEmphasis"
"73",0.996694951654905,"original_glszm_GrayLevelNonUniformity"
"74",0.961825446554034,"original_glszm_GrayLevelNonUniformityNormalized"
"75",0.990995568012529,"original_glszm_GrayLevelVariance"
"76",0.978813844407251,"original_glszm_HighGrayLevelZoneEmphasis"
"77",0.998893247401094,"original_glszm_LargeAreaEmphasis"
"78",0.99829976857211,"original_glszm_LargeAreaHighGrayLevelEmphasis"
"79",0.999148832525689,"original_glszm_LargeAreaLowGrayLevelEmphasis"
"80",0.920991914019619,"original_glszm_LowGrayLevelZoneEmphasis"
"81",0.998377173338025,"original_glszm_SizeZoneNonUniformity"
"82",0.938775002573834,"original_glszm_SizeZoneNonUniformityNormalized"
"83",0.929263862084679,"original_glszm_SmallAreaEmphasis"
"84",0.957227352863454,"original_glszm_SmallAreaHighGrayLevelEmphasis"
"85",0.869796696739122,"original_glszm_SmallAreaLowGrayLevelEmphasis"
"86",0.980625367312149,"original_glszm_ZoneEntropy"
"87",0.981808982728186,"original_glszm_ZonePercentage"
"88",0.998896991088596,"original_glszm_ZoneVariance"
"89",0.963238529410146,"original_gldm_DependenceEntropy"
"90",0.996609775853795,"original_gldm_DependenceNonUniformity"
"91",0.988645287616655,"original_gldm_DependenceNonUniformityNormalized"
"92",0.993656798133666,"original_gldm_DependenceVariance"
"93",0.998045654196756,"original_gldm_GrayLevelNonUniformity"
"94",0.986563589948384,"original_gldm_GrayLevelVariance"
"95",0.99667482228529,"original_gldm_HighGrayLevelEmphasis"
"96",0.993915180659728,"original_gldm_LargeDependenceEmphasis"
"97",0.981026814102455,"original_gldm_LargeDependenceHighGrayLevelEmphasis"
"98",0.997870879577569,"original_gldm_LargeDependenceLowGrayLevelEmphasis"
"99",0.984203281705165,"original_gldm_LowGrayLevelEmphasis"
"100",0.983750159498063,"original_gldm_SmallDependenceEmphasis"
"101",0.989980132148194,"original_gldm_SmallDependenceHighGrayLevelEmphasis"
"102",0.950444438557009,"original_gldm_SmallDependenceLowGrayLevelEmphasis"
"103",0.996031957413496,"original_ngtdm_Busyness"
"104",0.994216660002269,"original_ngtdm_Coarseness"
"105",0.999184642708314,"original_ngtdm_Complexity"
"106",0.973973205102596,"original_ngtdm_Contrast"
"107",0.987510904370241,"original_ngtdm_Strength"
"108",0.992214767181337,"wavelet.LLH_firstorder_10Percentile"
"109",0.936963370724353,"wavelet.LLH_firstorder_90Percentile"
"110",0.996439766834855,"wavelet.LLH_firstorder_Energy"
"111",0.993448767638476,"wavelet.LLH_firstorder_Entropy"
"112",0.9944844308056,"wavelet.LLH_firstorder_InterquartileRange"
"113",0.927901897212722,"wavelet.LLH_firstorder_Kurtosis"
"114",0.999999999999997,"wavelet.LLH_firstorder_Maximum"
"115",0.973095530777544,"wavelet.LLH_firstorder_MeanAbsoluteDeviation"
"116",0.950459067812728,"wavelet.LLH_firstorder_Mean"
"117",0.918227242481623,"wavelet.LLH_firstorder_Median"
"118",0.799622605578424,"wavelet.LLH_firstorder_Minimum"
"119",0.959137362286428,"wavelet.LLH_firstorder_Range"
"120",0.994407002701027,"wavelet.LLH_firstorder_RobustMeanAbsoluteDeviation"
"121",0.937551847920486,"wavelet.LLH_firstorder_RootMeanSquared"
"122",0.974008178986471,"wavelet.LLH_firstorder_Skewness"
"123",0.996439766866068,"wavelet.LLH_firstorder_TotalEnergy"
"124",0.994962303149478,"wavelet.LLH_firstorder_Uniformity"
"125",0.965083612214485,"wavelet.LLH_firstorder_Variance"
"126",0.741063283845415,"wavelet.LLH_glcm_Autocorrelation"
"127",0.985682501865013,"wavelet.LLH_glcm_ClusterProminence"
"128",0.986129176455636,"wavelet.LLH_glcm_ClusterShade"
"129",0.987561082818648,"wavelet.LLH_glcm_ClusterTendency"
"130",0.991447767265496,"wavelet.LLH_glcm_Contrast"
"131",0.98269911878988,"wavelet.LLH_glcm_Correlation"
"132",0.994274760397814,"wavelet.LLH_glcm_DifferenceAverage"
"133",0.995309312042582,"wavelet.LLH_glcm_DifferenceEntropy"
"134",0.991033334120817,"wavelet.LLH_glcm_DifferenceVariance"
"135",0.996743877822368,"wavelet.LLH_glcm_Id"
"136",0.996799158123231,"wavelet.LLH_glcm_Idm"
"137",0.980607077815204,"wavelet.LLH_glcm_Idmn"
"138",0.980725643078054,"wavelet.LLH_glcm_Idn"
"139",0.98304550328373,"wavelet.LLH_glcm_Imc1"
"140",0.991467349605936,"wavelet.LLH_glcm_Imc2"
"141",0.994253860290256,"wavelet.LLH_glcm_InverseVariance"
"142",0.792929431344268,"wavelet.LLH_glcm_JointAverage"
"143",0.996045506874952,"wavelet.LLH_glcm_JointEnergy"
"144",0.995335884997643,"wavelet.LLH_glcm_JointEntropy"
"145",0.815971062675399,"wavelet.LLH_glcm_MCC"
"146",0.995550945704317,"wavelet.LLH_glcm_MaximumProbability"
"147",0.792929431503097,"wavelet.LLH_glcm_SumAverage"
"148",0.994311644570508,"wavelet.LLH_glcm_SumEntropy"
"149",0.990131892479659,"wavelet.LLH_glcm_SumSquares"
"150",0.998226360647825,"wavelet.LLH_glrlm_GrayLevelNonUniformity"
"151",0.993264870711872,"wavelet.LLH_glrlm_GrayLevelNonUniformityNormalized"
"152",0.965110954155684,"wavelet.LLH_glrlm_GrayLevelVariance"
"153",0.755651050579242,"wavelet.LLH_glrlm_HighGrayLevelRunEmphasis"
"154",0.997715021325114,"wavelet.LLH_glrlm_LongRunEmphasis"
"155",0.657328838553921,"wavelet.LLH_glrlm_LongRunHighGrayLevelEmphasis"
"156",0.948701747789846,"wavelet.LLH_glrlm_LongRunLowGrayLevelEmphasis"
"157",0.976225438873933,"wavelet.LLH_glrlm_LowGrayLevelRunEmphasis"
"158",0.98993315721146,"wavelet.LLH_glrlm_RunEntropy"
"159",0.995397919642793,"wavelet.LLH_glrlm_RunLengthNonUniformity"
"160",0.996236268220517,"wavelet.LLH_glrlm_RunLengthNonUniformityNormalized"
"161",0.996782768278599,"wavelet.LLH_glrlm_RunPercentage"
"162",0.998282259219866,"wavelet.LLH_glrlm_RunVariance"
"163",0.996497392380314,"wavelet.LLH_glrlm_ShortRunEmphasis"
"164",0.786930752427151,"wavelet.LLH_glrlm_ShortRunHighGrayLevelEmphasis"
"165",0.979664568410541,"wavelet.LLH_glrlm_ShortRunLowGrayLevelEmphasis"
"166",0.993399423491756,"wavelet.LLH_glszm_GrayLevelNonUniformity"
"167",0.991069404706122,"wavelet.LLH_glszm_GrayLevelNonUniformityNormalized"
"168",0.976850685865986,"wavelet.LLH_glszm_GrayLevelVariance"
"169",0.802005279620053,"wavelet.LLH_glszm_HighGrayLevelZoneEmphasis"
"170",0.998206674735415,"wavelet.LLH_glszm_LargeAreaEmphasis"
"171",0.971667682618449,"wavelet.LLH_glszm_LargeAreaHighGrayLevelEmphasis"
"172",0.994012517659506,"wavelet.LLH_glszm_LargeAreaLowGrayLevelEmphasis"
"173",0.970003152767687,"wavelet.LLH_glszm_LowGrayLevelZoneEmphasis"
"174",0.993672859128369,"wavelet.LLH_glszm_SizeZoneNonUniformity"
"175",0.976938482446824,"wavelet.LLH_glszm_SizeZoneNonUniformityNormalized"
"176",0.981390291100744,"wavelet.LLH_glszm_SmallAreaEmphasis"
"177",0.848880284826048,"wavelet.LLH_glszm_SmallAreaHighGrayLevelEmphasis"
"178",0.936246407487204,"wavelet.LLH_glszm_SmallAreaLowGrayLevelEmphasis"
"179",0.980491252430706,"wavelet.LLH_glszm_ZoneEntropy"
"180",0.988730443112337,"wavelet.LLH_glszm_ZonePercentage"
"181",0.998217237311962,"wavelet.LLH_glszm_ZoneVariance"
"182",0.988527901374121,"wavelet.LLH_gldm_DependenceEntropy"
"183",0.995618590298422,"wavelet.LLH_gldm_DependenceNonUniformity"
"184",0.991431587009937,"wavelet.LLH_gldm_DependenceNonUniformityNormalized"
"185",0.997194146514005,"wavelet.LLH_gldm_DependenceVariance"
"186",0.998569361464941,"wavelet.LLH_gldm_GrayLevelNonUniformity"
"187",0.965144865081545,"wavelet.LLH_gldm_GrayLevelVariance"
"188",0.751651405999424,"wavelet.LLH_gldm_HighGrayLevelEmphasis"
"189",0.997619451711456,"wavelet.LLH_gldm_LargeDependenceEmphasis"
"190",0.616226083741392,"wavelet.LLH_gldm_LargeDependenceHighGrayLevelEmphasis"
"191",0.9268066453753,"wavelet.LLH_gldm_LargeDependenceLowGrayLevelEmphasis"
"192",0.975436042050379,"wavelet.LLH_gldm_LowGrayLevelEmphasis"
"193",0.988974660483379,"wavelet.LLH_gldm_SmallDependenceEmphasis"
"194",0.913474209543693,"wavelet.LLH_gldm_SmallDependenceHighGrayLevelEmphasis"
"195",0.966657647887953,"wavelet.LLH_gldm_SmallDependenceLowGrayLevelEmphasis"
"196",0.987430677780979,"wavelet.LLH_ngtdm_Busyness"
"197",0.988600056073802,"wavelet.LLH_ngtdm_Coarseness"
"198",0.994260977353804,"wavelet.LLH_ngtdm_Complexity"
"199",0.977196159488882,"wavelet.LLH_ngtdm_Contrast"
"200",0.988805216219897,"wavelet.LLH_ngtdm_Strength"
"201",0.994017903416734,"wavelet.LHL_firstorder_10Percentile"
"202",0.991061282138986,"wavelet.LHL_firstorder_90Percentile"
"203",0.996415055310758,"wavelet.LHL_firstorder_Energy"
"204",0.994144197192168,"wavelet.LHL_firstorder_Entropy"
"205",0.996406412916813,"wavelet.LHL_firstorder_InterquartileRange"
"206",0.969179468368223,"wavelet.LHL_firstorder_Kurtosis"
"207",0.993319038829835,"wavelet.LHL_firstorder_Maximum"
"208",0.994134248003826,"wavelet.LHL_firstorder_MeanAbsoluteDeviation"
"209",0.988024334594347,"wavelet.LHL_firstorder_Mean"
"210",0.936715469693054,"wavelet.LHL_firstorder_Median"
"211",0.965239679440304,"wavelet.LHL_firstorder_Minimum"
"212",0.979740419897427,"wavelet.LHL_firstorder_Range"
"213",0.994757939350678,"wavelet.LHL_firstorder_RobustMeanAbsoluteDeviation"
"214",0.987558564519596,"wavelet.LHL_firstorder_RootMeanSquared"
"215",0.977207600087274,"wavelet.LHL_firstorder_Skewness"
"216",0.996415055341045,"wavelet.LHL_firstorder_TotalEnergy"
"217",0.995054020222806,"wavelet.LHL_firstorder_Uniformity"
"218",0.992813919112552,"wavelet.LHL_firstorder_Variance"
"219",0.976363211817471,"wavelet.LHL_glcm_Autocorrelation"
"220",0.990154982512001,"wavelet.LHL_glcm_ClusterProminence"
"221",0.995051705044614,"wavelet.LHL_glcm_ClusterShade"
"222",0.991795602572256,"wavelet.LHL_glcm_ClusterTendency"
"223",0.991205864406644,"wavelet.LHL_glcm_Contrast"
"224",0.990286389471812,"wavelet.LHL_glcm_Correlation"
"225",0.992767372168593,"wavelet.LHL_glcm_DifferenceAverage"
"226",0.994056993956015,"wavelet.LHL_glcm_DifferenceEntropy"
"227",0.992332694279715,"wavelet.LHL_glcm_DifferenceVariance"
"228",0.994654810960796,"wavelet.LHL_glcm_Id"
"229",0.994616306591005,"wavelet.LHL_glcm_Idm"
"230",0.975616232255028,"wavelet.LHL_glcm_Idmn"
"231",0.972125650946244,"wavelet.LHL_glcm_Idn"
"232",0.986580415254437,"wavelet.LHL_glcm_Imc1"
"233",0.990363399317775,"wavelet.LHL_glcm_Imc2"
"234",0.988798551082486,"wavelet.LHL_glcm_InverseVariance"
"235",0.97083997849015,"wavelet.LHL_glcm_JointAverage"
"236",0.995773830777661,"wavelet.LHL_glcm_JointEnergy"
"237",0.99486375105444,"wavelet.LHL_glcm_JointEntropy"
"238",0.926112796669875,"wavelet.LHL_glcm_MCC"
"239",0.994721447676832,"wavelet.LHL_glcm_MaximumProbability"
"240",0.970839978425105,"wavelet.LHL_glcm_SumAverage"
"241",0.9947560330675,"wavelet.LHL_glcm_SumEntropy"
"242",0.991496148781631,"wavelet.LHL_glcm_SumSquares"
"243",0.997811597425665,"wavelet.LHL_glrlm_GrayLevelNonUniformity"
"244",0.993716009803571,"wavelet.LHL_glrlm_GrayLevelNonUniformityNormalized"
"245",0.993709317126993,"wavelet.LHL_glrlm_GrayLevelVariance"
"246",0.975973622599503,"wavelet.LHL_glrlm_HighGrayLevelRunEmphasis"
"247",0.996220883009435,"wavelet.LHL_glrlm_LongRunEmphasis"
"248",0.968593115261755,"wavelet.LHL_glrlm_LongRunHighGrayLevelEmphasis"
"249",0.925212092908314,"wavelet.LHL_glrlm_LongRunLowGrayLevelEmphasis"
"250",0.952455376463513,"wavelet.LHL_glrlm_LowGrayLevelRunEmphasis"
"251",0.987069336678519,"wavelet.LHL_glrlm_RunEntropy"
"252",0.996121403596049,"wavelet.LHL_glrlm_RunLengthNonUniformity"
"253",0.989596029656473,"wavelet.LHL_glrlm_RunLengthNonUniformityNormalized"
"254",0.99204866386309,"wavelet.LHL_glrlm_RunPercentage"
"255",0.996916717438549,"wavelet.LHL_glrlm_RunVariance"
"256",0.991490289733918,"wavelet.LHL_glrlm_ShortRunEmphasis"
"257",0.977842581320945,"wavelet.LHL_glrlm_ShortRunHighGrayLevelEmphasis"
"258",0.959179417890307,"wavelet.LHL_glrlm_ShortRunLowGrayLevelEmphasis"
"259",0.997690097438786,"wavelet.LHL_glszm_GrayLevelNonUniformity"
"260",0.952439495385792,"wavelet.LHL_glszm_GrayLevelNonUniformityNormalized"
"261",0.989644128117642,"wavelet.LHL_glszm_GrayLevelVariance"
"262",0.97309117682499,"wavelet.LHL_glszm_HighGrayLevelZoneEmphasis"
"263",0.998755659569588,"wavelet.LHL_glszm_LargeAreaEmphasis"
"264",0.995942389406061,"wavelet.LHL_glszm_LargeAreaHighGrayLevelEmphasis"
"265",0.917799806261974,"wavelet.LHL_glszm_LargeAreaLowGrayLevelEmphasis"
"266",0.918126777141726,"wavelet.LHL_glszm_LowGrayLevelZoneEmphasis"
"267",0.997811881038391,"wavelet.LHL_glszm_SizeZoneNonUniformity"
"268",0.892045025407606,"wavelet.LHL_glszm_SizeZoneNonUniformityNormalized"
"269",0.89419445141629,"wavelet.LHL_glszm_SmallAreaEmphasis"
"270",0.976422044275784,"wavelet.LHL_glszm_SmallAreaHighGrayLevelEmphasis"
"271",0.902360936851662,"wavelet.LHL_glszm_SmallAreaLowGrayLevelEmphasis"
"272",0.941318464968077,"wavelet.LHL_glszm_ZoneEntropy"
"273",0.978295289157942,"wavelet.LHL_glszm_ZonePercentage"
"274",0.998773836554011,"wavelet.LHL_glszm_ZoneVariance"
"275",0.992248354603714,"wavelet.LHL_gldm_DependenceEntropy"
"276",0.997680445919762,"wavelet.LHL_gldm_DependenceNonUniformity"
"277",0.947396594798066,"wavelet.LHL_gldm_DependenceNonUniformityNormalized"
"278",0.967777396410526,"wavelet.LHL_gldm_DependenceVariance"
"279",0.997820436212717,"wavelet.LHL_gldm_GrayLevelNonUniformity"
"280",0.992843590106647,"wavelet.LHL_gldm_GrayLevelVariance"
"281",0.976498652451737,"wavelet.LHL_gldm_HighGrayLevelEmphasis"
"282",0.99419691458637,"wavelet.LHL_gldm_LargeDependenceEmphasis"
"283",0.968892124803087,"wavelet.LHL_gldm_LargeDependenceHighGrayLevelEmphasis"
"284",0.925293132489862,"wavelet.LHL_gldm_LargeDependenceLowGrayLevelEmphasis"
"285",0.95285311939989,"wavelet.LHL_gldm_LowGrayLevelEmphasis"
"286",0.983314193452215,"wavelet.LHL_gldm_SmallDependenceEmphasis"
"287",0.982927299467184,"wavelet.LHL_gldm_SmallDependenceHighGrayLevelEmphasis"
"288",0.959038365095865,"wavelet.LHL_gldm_SmallDependenceLowGrayLevelEmphasis"
"289",0.959922363822604,"wavelet.LHL_ngtdm_Busyness"
"290",0.991412010190277,"wavelet.LHL_ngtdm_Coarseness"
"291",0.986990255929792,"wavelet.LHL_ngtdm_Complexity"
"292",0.981342049438881,"wavelet.LHL_ngtdm_Contrast"
"293",0.973947036410289,"wavelet.LHL_ngtdm_Strength"
"294",0.995730527730731,"wavelet.LHH_firstorder_10Percentile"
"295",0.987158557887514,"wavelet.LHH_firstorder_90Percentile"
"296",0.996509697298988,"wavelet.LHH_firstorder_Energy"
"297",0.993956285926871,"wavelet.LHH_firstorder_Entropy"
"298",0.994882768260991,"wavelet.LHH_firstorder_InterquartileRange"
"299",0.995204384250848,"wavelet.LHH_firstorder_Kurtosis"
"300",0.997723318349386,"wavelet.LHH_firstorder_Maximum"
"301",0.992331023975956,"wavelet.LHH_firstorder_MeanAbsoluteDeviation"
"302",0.991131110196502,"wavelet.LHH_firstorder_Mean"
"303",0.986408481993697,"wavelet.LHH_firstorder_Median"
"304",0.988319953486161,"wavelet.LHH_firstorder_Minimum"
"305",0.992569101399412,"wavelet.LHH_firstorder_Range"
"306",0.995120522860894,"wavelet.LHH_firstorder_RobustMeanAbsoluteDeviation"
"307",0.990771634807527,"wavelet.LHH_firstorder_RootMeanSquared"
"308",0.987464287661509,"wavelet.LHH_firstorder_Skewness"
"309",0.996509697308524,"wavelet.LHH_firstorder_TotalEnergy"
"310",0.994195215596943,"wavelet.LHH_firstorder_Uniformity"
"311",0.986162846155515,"wavelet.LHH_firstorder_Variance"
"312",0.961958346410617,"wavelet.LHH_glcm_Autocorrelation"
"313",0.948567982865974,"wavelet.LHH_glcm_ClusterProminence"
"314",0.993441842231654,"wavelet.LHH_glcm_ClusterShade"
"315",0.987991248438681,"wavelet.LHH_glcm_ClusterTendency"
"316",0.990400797960016,"wavelet.LHH_glcm_Contrast"
"317",0.979535306602594,"wavelet.LHH_glcm_Correlation"
"318",0.99454600162348,"wavelet.LHH_glcm_DifferenceAverage"
"319",0.99554211667976,"wavelet.LHH_glcm_DifferenceEntropy"
"320",0.989284483595678,"wavelet.LHH_glcm_DifferenceVariance"
"321",0.996554456546121,"wavelet.LHH_glcm_Id"
"322",0.996549950633971,"wavelet.LHH_glcm_Idm"
"323",0.997307555917008,"wavelet.LHH_glcm_Idmn"
"324",0.997946236089312,"wavelet.LHH_glcm_Idn"
"325",0.993974489042629,"wavelet.LHH_glcm_Imc1"
"326",0.994690644520862,"wavelet.LHH_glcm_Imc2"
"327",0.991198888472742,"wavelet.LHH_glcm_InverseVariance"
"328",0.980478503836057,"wavelet.LHH_glcm_JointAverage"
"329",0.996295889200957,"wavelet.LHH_glcm_JointEnergy"
"330",0.996117537767252,"wavelet.LHH_glcm_JointEntropy"
"331",0.987115274940767,"wavelet.LHH_glcm_MCC"
"332",0.996124923797879,"wavelet.LHH_glcm_MaximumProbability"
"333",0.980478503648921,"wavelet.LHH_glcm_SumAverage"
"334",0.995285015692672,"wavelet.LHH_glcm_SumEntropy"
"335",0.989148406746603,"wavelet.LHH_glcm_SumSquares"
"336",0.997680372040604,"wavelet.LHH_glrlm_GrayLevelNonUniformity"
"337",0.993465487107785,"wavelet.LHH_glrlm_GrayLevelNonUniformityNormalized"
"338",0.985423097362002,"wavelet.LHH_glrlm_GrayLevelVariance"
"339",0.962087436494791,"wavelet.LHH_glrlm_HighGrayLevelRunEmphasis"
"340",0.995897612874047,"wavelet.LHH_glrlm_LongRunEmphasis"
"341",0.955978803385971,"wavelet.LHH_glrlm_LongRunHighGrayLevelEmphasis"
"342",0.998900768069418,"wavelet.LHH_glrlm_LongRunLowGrayLevelEmphasis"
"343",0.998419366057341,"wavelet.LHH_glrlm_LowGrayLevelRunEmphasis"
"344",0.989502427847936,"wavelet.LHH_glrlm_RunEntropy"
"345",0.996046227542346,"wavelet.LHH_glrlm_RunLengthNonUniformity"
"346",0.991745695995666,"wavelet.LHH_glrlm_RunLengthNonUniformityNormalized"
"347",0.993043736972507,"wavelet.LHH_glrlm_RunPercentage"
"348",0.995864191766392,"wavelet.LHH_glrlm_RunVariance"
"349",0.993092653973765,"wavelet.LHH_glrlm_ShortRunEmphasis"
"350",0.96390155258447,"wavelet.LHH_glrlm_ShortRunHighGrayLevelEmphasis"
"351",0.998220502344477,"wavelet.LHH_glrlm_ShortRunLowGrayLevelEmphasis"
"352",0.987957990689344,"wavelet.LHH_glszm_GrayLevelNonUniformity"
"353",0.997373012422475,"wavelet.LHH_glszm_GrayLevelNonUniformityNormalized"
"354",0.984804305088324,"wavelet.LHH_glszm_GrayLevelVariance"
"355",0.958114882755023,"wavelet.LHH_glszm_HighGrayLevelZoneEmphasis"
"356",0.999121514442304,"wavelet.LHH_glszm_LargeAreaEmphasis"
"357",0.995236017632964,"wavelet.LHH_glszm_LargeAreaHighGrayLevelEmphasis"
"358",0.999735922769924,"wavelet.LHH_glszm_LargeAreaLowGrayLevelEmphasis"
"359",0.9950329777832,"wavelet.LHH_glszm_LowGrayLevelZoneEmphasis"
"360",0.991463279838122,"wavelet.LHH_glszm_SizeZoneNonUniformity"
"361",0.817885216226757,"wavelet.LHH_glszm_SizeZoneNonUniformityNormalized"
"362",0.813307920599673,"wavelet.LHH_glszm_SmallAreaEmphasis"
"363",0.931977002598186,"wavelet.LHH_glszm_SmallAreaHighGrayLevelEmphasis"
"364",0.992978335579469,"wavelet.LHH_glszm_SmallAreaLowGrayLevelEmphasis"
"365",0.99315313140173,"wavelet.LHH_glszm_ZoneEntropy"
"366",0.974853195414947,"wavelet.LHH_glszm_ZonePercentage"
"367",0.999120941724973,"wavelet.LHH_glszm_ZoneVariance"
"368",0.990626921071498,"wavelet.LHH_gldm_DependenceEntropy"
"369",0.997736148593748,"wavelet.LHH_gldm_DependenceNonUniformity"
"370",0.988189286426533,"wavelet.LHH_gldm_DependenceNonUniformityNormalized"
"371",0.974155993131334,"wavelet.LHH_gldm_DependenceVariance"
"372",0.99757913444386,"wavelet.LHH_gldm_GrayLevelNonUniformity"
"373",0.985891055579837,"wavelet.LHH_gldm_GrayLevelVariance"
"374",0.961945829048951,"wavelet.LHH_gldm_HighGrayLevelEmphasis"
"375",0.994646531419612,"wavelet.LHH_gldm_LargeDependenceEmphasis"
"376",0.952813263096226,"wavelet.LHH_gldm_LargeDependenceHighGrayLevelEmphasis"
"377",0.998997477871934,"wavelet.LHH_gldm_LargeDependenceLowGrayLevelEmphasis"
"378",0.998596190432973,"wavelet.LHH_gldm_LowGrayLevelEmphasis"
"379",0.971333283596182,"wavelet.LHH_gldm_SmallDependenceEmphasis"
"380",0.944581149705785,"wavelet.LHH_gldm_SmallDependenceHighGrayLevelEmphasis"
"381",0.994768513800614,"wavelet.LHH_gldm_SmallDependenceLowGrayLevelEmphasis"
"382",0.997718071315882,"wavelet.LHH_ngtdm_Busyness"
"383",0.990012594640283,"wavelet.LHH_ngtdm_Coarseness"
"384",0.950781699186701,"wavelet.LHH_ngtdm_Complexity"
"385",0.994101425926835,"wavelet.LHH_ngtdm_Contrast"
"386",0.961960545596626,"wavelet.LHH_ngtdm_Strength"
"387",0.99528603622856,"wavelet.HLL_firstorder_10Percentile"
"388",0.997575734369984,"wavelet.HLL_firstorder_90Percentile"
"389",0.996539316006242,"wavelet.HLL_firstorder_Energy"
"390",0.998681582805212,"wavelet.HLL_firstorder_Entropy"
"391",0.999200226428218,"wavelet.HLL_firstorder_InterquartileRange"
"392",0.999119896205476,"wavelet.HLL_firstorder_Kurtosis"
"393",0.999999999999996,"wavelet.HLL_firstorder_Maximum"
"394",0.998877923431172,"wavelet.HLL_firstorder_MeanAbsoluteDeviation"
"395",0.99563286774733,"wavelet.HLL_firstorder_Mean"
"396",0.977311597822692,"wavelet.HLL_firstorder_Median"
"397",0.995833820742032,"wavelet.HLL_firstorder_Minimum"
"398",0.998860205202536,"wavelet.HLL_firstorder_Range"
"399",0.99855346935276,"wavelet.HLL_firstorder_RobustMeanAbsoluteDeviation"
"400",0.995938450346938,"wavelet.HLL_firstorder_RootMeanSquared"
"401",0.992812135775076,"wavelet.HLL_firstorder_Skewness"
"402",0.996539316020191,"wavelet.HLL_firstorder_TotalEnergy"
"403",0.99872219794066,"wavelet.HLL_firstorder_Uniformity"
"404",0.99938281128964,"wavelet.HLL_firstorder_Variance"
"405",0.99842252537637,"wavelet.HLL_glcm_Autocorrelation"
"406",0.999217701633109,"wavelet.HLL_glcm_ClusterProminence"
"407",0.995545658042761,"wavelet.HLL_glcm_ClusterShade"
"408",0.9991750233299,"wavelet.HLL_glcm_ClusterTendency"
"409",0.998819047793608,"wavelet.HLL_glcm_Contrast"
"410",0.989901902794609,"wavelet.HLL_glcm_Correlation"
"411",0.99876544631951,"wavelet.HLL_glcm_DifferenceAverage"
"412",0.998825362088535,"wavelet.HLL_glcm_DifferenceEntropy"
"413",0.99900783986494,"wavelet.HLL_glcm_DifferenceVariance"
"414",0.999099765917795,"wavelet.HLL_glcm_Id"
"415",0.999038831473434,"wavelet.HLL_glcm_Idm"
"416",0.886613078898359,"wavelet.HLL_glcm_Idmn"
"417",0.948278286738412,"wavelet.HLL_glcm_Idn"
"418",0.997063226744323,"wavelet.HLL_glcm_Imc1"
"419",0.997259548587521,"wavelet.HLL_glcm_Imc2"
"420",0.995932824184558,"wavelet.HLL_glcm_InverseVariance"
"421",0.992829123456401,"wavelet.HLL_glcm_JointAverage"
"422",0.998970777223055,"wavelet.HLL_glcm_JointEnergy"
"423",0.998709409758641,"wavelet.HLL_glcm_JointEntropy"
"424",0.992734010856235,"wavelet.HLL_glcm_MCC"
"425",0.998253407922513,"wavelet.HLL_glcm_MaximumProbability"
"426",0.992829123475997,"wavelet.HLL_glcm_SumAverage"
"427",0.998616526469282,"wavelet.HLL_glcm_SumEntropy"
"428",0.999146933701822,"wavelet.HLL_glcm_SumSquares"
"429",0.997787461603567,"wavelet.HLL_glrlm_GrayLevelNonUniformity"
"430",0.998789396381672,"wavelet.HLL_glrlm_GrayLevelNonUniformityNormalized"
"431",0.999627891385375,"wavelet.HLL_glrlm_GrayLevelVariance"
"432",0.998425988990917,"wavelet.HLL_glrlm_HighGrayLevelRunEmphasis"
"433",0.996986884573171,"wavelet.HLL_glrlm_LongRunEmphasis"
"434",0.996136430915532,"wavelet.HLL_glrlm_LongRunHighGrayLevelEmphasis"
"435",0.801632298206031,"wavelet.HLL_glrlm_LongRunLowGrayLevelEmphasis"
"436",0.754364084853226,"wavelet.HLL_glrlm_LowGrayLevelRunEmphasis"
"437",0.995793622200157,"wavelet.HLL_glrlm_RunEntropy"
"438",0.996802849369468,"wavelet.HLL_glrlm_RunLengthNonUniformity"
"439",0.995402238907935,"wavelet.HLL_glrlm_RunLengthNonUniformityNormalized"
"440",0.995334120677525,"wavelet.HLL_glrlm_RunPercentage"
"441",0.996180626714032,"wavelet.HLL_glrlm_RunVariance"
"442",0.996404438235465,"wavelet.HLL_glrlm_ShortRunEmphasis"
"443",0.998671265636848,"wavelet.HLL_glrlm_ShortRunHighGrayLevelEmphasis"
"444",0.737734152849718,"wavelet.HLL_glrlm_ShortRunLowGrayLevelEmphasis"
"445",0.998108091813178,"wavelet.HLL_glszm_GrayLevelNonUniformity"
"446",0.995627924394437,"wavelet.HLL_glszm_GrayLevelNonUniformityNormalized"
"447",0.998570531076289,"wavelet.HLL_glszm_GrayLevelVariance"
"448",0.998415997166655,"wavelet.HLL_glszm_HighGrayLevelZoneEmphasis"
"449",0.998995100824894,"wavelet.HLL_glszm_LargeAreaEmphasis"
"450",0.989828387763143,"wavelet.HLL_glszm_LargeAreaHighGrayLevelEmphasis"
"451",0.96635683099612,"wavelet.HLL_glszm_LargeAreaLowGrayLevelEmphasis"
"452",0.526389931570838,"wavelet.HLL_glszm_LowGrayLevelZoneEmphasis"
"453",0.996765928216448,"wavelet.HLL_glszm_SizeZoneNonUniformity"
"454",0.966278404234972,"wavelet.HLL_glszm_SizeZoneNonUniformityNormalized"
"455",0.964539381206945,"wavelet.HLL_glszm_SmallAreaEmphasis"
"456",0.998499181978487,"wavelet.HLL_glszm_SmallAreaHighGrayLevelEmphasis"
"457",0.451054429590397,"wavelet.HLL_glszm_SmallAreaLowGrayLevelEmphasis"
"458",0.987822861454555,"wavelet.HLL_glszm_ZoneEntropy"
"459",0.992724948455062,"wavelet.HLL_glszm_ZonePercentage"
"460",0.99898190532834,"wavelet.HLL_glszm_ZoneVariance"
"461",0.997018598072331,"wavelet.HLL_gldm_DependenceEntropy"
"462",0.997405598381497,"wavelet.HLL_gldm_DependenceNonUniformity"
"463",0.972957976210621,"wavelet.HLL_gldm_DependenceNonUniformityNormalized"
"464",0.990111520703409,"wavelet.HLL_gldm_DependenceVariance"
"465",0.99760850444643,"wavelet.HLL_gldm_GrayLevelNonUniformity"
"466",0.999376212768257,"wavelet.HLL_gldm_GrayLevelVariance"
"467",0.998428626198169,"wavelet.HLL_gldm_HighGrayLevelEmphasis"
"468",0.995701945705363,"wavelet.HLL_gldm_LargeDependenceEmphasis"
"469",0.995372613425369,"wavelet.HLL_gldm_LargeDependenceHighGrayLevelEmphasis"
"470",0.813732055951139,"wavelet.HLL_gldm_LargeDependenceLowGrayLevelEmphasis"
"471",0.770110762564167,"wavelet.HLL_gldm_LowGrayLevelEmphasis"
"472",0.990276824148911,"wavelet.HLL_gldm_SmallDependenceEmphasis"
"473",0.996180632819994,"wavelet.HLL_gldm_SmallDependenceHighGrayLevelEmphasis"
"474",0.598996423182221,"wavelet.HLL_gldm_SmallDependenceLowGrayLevelEmphasis"
"475",0.959900267664313,"wavelet.HLL_ngtdm_Busyness"
"476",0.989883688863878,"wavelet.HLL_ngtdm_Coarseness"
"477",0.999516284754783,"wavelet.HLL_ngtdm_Complexity"
"478",0.952898239731381,"wavelet.HLL_ngtdm_Contrast"
"479",0.998840719533422,"wavelet.HLL_ngtdm_Strength"
"480",0.990188464615914,"wavelet.HLH_firstorder_10Percentile"
"481",0.997777195948974,"wavelet.HLH_firstorder_90Percentile"
"482",0.996470482084717,"wavelet.HLH_firstorder_Energy"
"483",0.996822506294205,"wavelet.HLH_firstorder_Entropy"
"484",0.997896423210607,"wavelet.HLH_firstorder_InterquartileRange"
"485",0.986281069020403,"wavelet.HLH_firstorder_Kurtosis"
"486",0.98331678780775,"wavelet.HLH_firstorder_Maximum"
"487",0.996540986802515,"wavelet.HLH_firstorder_MeanAbsoluteDeviation"
"488",0.977035731599588,"wavelet.HLH_firstorder_Mean"
"489",0.953001354214755,"wavelet.HLH_firstorder_Median"
"490",0.99999999999999,"wavelet.HLH_firstorder_Minimum"
"491",0.996793420196449,"wavelet.HLH_firstorder_Range"
"492",0.99684640908888,"wavelet.HLH_firstorder_RobustMeanAbsoluteDeviation"
"493",0.967498451215976,"wavelet.HLH_firstorder_RootMeanSquared"
"494",0.983709564424856,"wavelet.HLH_firstorder_Skewness"
"495",0.996470482084208,"wavelet.HLH_firstorder_TotalEnergy"
"496",0.996584497038026,"wavelet.HLH_firstorder_Uniformity"
"497",0.997702959870925,"wavelet.HLH_firstorder_Variance"
"498",0.999997424647727,"wavelet.HLH_glcm_Autocorrelation"
"499",0.999101552499654,"wavelet.HLH_glcm_ClusterProminence"
"500",0.997733333870409,"wavelet.HLH_glcm_ClusterShade"
"501",0.998105353105856,"wavelet.HLH_glcm_ClusterTendency"
"502",0.998260587296839,"wavelet.HLH_glcm_Contrast"
"503",0.973521702504209,"wavelet.HLH_glcm_Correlation"
"504",0.997878873547595,"wavelet.HLH_glcm_DifferenceAverage"
"505",0.998026348778577,"wavelet.HLH_glcm_DifferenceEntropy"
"506",0.998457396705009,"wavelet.HLH_glcm_DifferenceVariance"
"507",0.997437847569526,"wavelet.HLH_glcm_Id"
"508",0.99736157496754,"wavelet.HLH_glcm_Idm"
"509",0.958735281027267,"wavelet.HLH_glcm_Idmn"
"510",0.973374991751345,"wavelet.HLH_glcm_Idn"
"511",0.985018548699333,"wavelet.HLH_glcm_Imc1"
"512",0.990567632260189,"wavelet.HLH_glcm_Imc2"
"513",0.996906309925106,"wavelet.HLH_glcm_InverseVariance"
"514",0.999998019461292,"wavelet.HLH_glcm_JointAverage"
"515",0.997253757051109,"wavelet.HLH_glcm_JointEnergy"
"516",0.997982929478325,"wavelet.HLH_glcm_JointEntropy"
"517",0.989975019028387,"wavelet.HLH_glcm_MCC"
"518",0.994665800440101,"wavelet.HLH_glcm_MaximumProbability"
"519",0.999998019462547,"wavelet.HLH_glcm_SumAverage"
"520",0.99793038374324,"wavelet.HLH_glcm_SumEntropy"
"521",0.998188288826504,"wavelet.HLH_glcm_SumSquares"
"522",0.997668544901226,"wavelet.HLH_glrlm_GrayLevelNonUniformity"
"523",0.997333890886379,"wavelet.HLH_glrlm_GrayLevelNonUniformityNormalized"
"524",0.998303981555779,"wavelet.HLH_glrlm_GrayLevelVariance"
"525",0.999990947730224,"wavelet.HLH_glrlm_HighGrayLevelRunEmphasis"
"526",0.994440799715323,"wavelet.HLH_glrlm_LongRunEmphasis"
"527",0.998387150797389,"wavelet.HLH_glrlm_LongRunHighGrayLevelEmphasis"
"528",0.999935146914181,"wavelet.HLH_glrlm_LongRunLowGrayLevelEmphasis"
"529",0.999938326199722,"wavelet.HLH_glrlm_LowGrayLevelRunEmphasis"
"530",0.99439419946123,"wavelet.HLH_glrlm_RunEntropy"
"531",0.996582081263756,"wavelet.HLH_glrlm_RunLengthNonUniformity"
"532",0.990195699139228,"wavelet.HLH_glrlm_RunLengthNonUniformityNormalized"
"533",0.990888390220059,"wavelet.HLH_glrlm_RunPercentage"
"534",0.993827035010398,"wavelet.HLH_glrlm_RunVariance"
"535",0.99258977351848,"wavelet.HLH_glrlm_ShortRunEmphasis"
"536",0.999927600629481,"wavelet.HLH_glrlm_ShortRunHighGrayLevelEmphasis"
"537",0.999831323396176,"wavelet.HLH_glrlm_ShortRunLowGrayLevelEmphasis"
"538",0.993978193867305,"wavelet.HLH_glszm_GrayLevelNonUniformity"
"539",0.997257896420905,"wavelet.HLH_glszm_GrayLevelNonUniformityNormalized"
"540",0.996967592234926,"wavelet.HLH_glszm_GrayLevelVariance"
"541",0.99967870614462,"wavelet.HLH_glszm_HighGrayLevelZoneEmphasis"
"542",0.999609547543206,"wavelet.HLH_glszm_LargeAreaEmphasis"
"543",0.997775010391529,"wavelet.HLH_glszm_LargeAreaHighGrayLevelEmphasis"
"544",0.999876022440881,"wavelet.HLH_glszm_LargeAreaLowGrayLevelEmphasis"
"545",0.993775213255816,"wavelet.HLH_glszm_LowGrayLevelZoneEmphasis"
"546",0.994245942649822,"wavelet.HLH_glszm_SizeZoneNonUniformity"
"547",0.939161642272665,"wavelet.HLH_glszm_SizeZoneNonUniformityNormalized"
"548",0.920182316718313,"wavelet.HLH_glszm_SmallAreaEmphasis"
"549",0.99888261809822,"wavelet.HLH_glszm_SmallAreaHighGrayLevelEmphasis"
"550",0.995741443404135,"wavelet.HLH_glszm_SmallAreaLowGrayLevelEmphasis"
"551",0.988572279241031,"wavelet.HLH_glszm_ZoneEntropy"
"552",0.988492671155313,"wavelet.HLH_glszm_ZonePercentage"
"553",0.999609978792718,"wavelet.HLH_glszm_ZoneVariance"
"554",0.995135146401679,"wavelet.HLH_gldm_DependenceEntropy"
"555",0.997249151774205,"wavelet.HLH_gldm_DependenceNonUniformity"
"556",0.993651886695481,"wavelet.HLH_gldm_DependenceNonUniformityNormalized"
"557",0.980912769572626,"wavelet.HLH_gldm_DependenceVariance"
"558",0.99735217936971,"wavelet.HLH_gldm_GrayLevelNonUniformity"
"559",0.997689955714699,"wavelet.HLH_gldm_GrayLevelVariance"
"560",0.999994853071797,"wavelet.HLH_gldm_HighGrayLevelEmphasis"
"561",0.991584109766271,"wavelet.HLH_gldm_LargeDependenceEmphasis"
"562",0.99734656140475,"wavelet.HLH_gldm_LargeDependenceHighGrayLevelEmphasis"
"563",0.999868434999573,"wavelet.HLH_gldm_LargeDependenceLowGrayLevelEmphasis"
"564",0.999969353494553,"wavelet.HLH_gldm_LowGrayLevelEmphasis"
"565",0.988189985083213,"wavelet.HLH_gldm_SmallDependenceEmphasis"
"566",0.996799126108118,"wavelet.HLH_gldm_SmallDependenceHighGrayLevelEmphasis"
"567",0.995053102923254,"wavelet.HLH_gldm_SmallDependenceLowGrayLevelEmphasis"
"568",0.998629632212839,"wavelet.HLH_ngtdm_Busyness"
"569",0.987885675295598,"wavelet.HLH_ngtdm_Coarseness"
"570",0.997412214694613,"wavelet.HLH_ngtdm_Complexity"
"571",0.979405439092343,"wavelet.HLH_ngtdm_Contrast"
"572",0.996883137138461,"wavelet.HLH_ngtdm_Strength"
"573",0.998327249899314,"wavelet.HHL_firstorder_10Percentile"
"574",0.991158990052283,"wavelet.HHL_firstorder_90Percentile"
"575",0.996505208316797,"wavelet.HHL_firstorder_Energy"
"576",0.997121024315122,"wavelet.HHL_firstorder_Entropy"
"577",0.998118538790704,"wavelet.HHL_firstorder_InterquartileRange"
"578",0.971033354583763,"wavelet.HHL_firstorder_Kurtosis"
"579",0.976723869378389,"wavelet.HHL_firstorder_Maximum"
"580",0.997196507457908,"wavelet.HHL_firstorder_MeanAbsoluteDeviation"
"581",0.930700040174818,"wavelet.HHL_firstorder_Mean"
"582",0.972886371842993,"wavelet.HHL_firstorder_Median"
"583",0.986446956511072,"wavelet.HHL_firstorder_Minimum"
"584",0.984670237003664,"wavelet.HHL_firstorder_Range"
"585",0.996623616049296,"wavelet.HHL_firstorder_RobustMeanAbsoluteDeviation"
"586",0.940959072327039,"wavelet.HHL_firstorder_RootMeanSquared"
"587",0.959818468150662,"wavelet.HHL_firstorder_Skewness"
"588",0.996505208311294,"wavelet.HHL_firstorder_TotalEnergy"
"589",0.996128779053715,"wavelet.HHL_firstorder_Uniformity"
"590",0.997017685311949,"wavelet.HHL_firstorder_Variance"
"591",0.994147676828305,"wavelet.HHL_glcm_Autocorrelation"
"592",0.995529722893347,"wavelet.HHL_glcm_ClusterProminence"
"593",0.995350268941378,"wavelet.HHL_glcm_ClusterShade"
"594",0.996050244939759,"wavelet.HHL_glcm_ClusterTendency"
"595",0.996837766985666,"wavelet.HHL_glcm_Contrast"
"596",0.994514028742162,"wavelet.HHL_glcm_Correlation"
"597",0.996881890093685,"wavelet.HHL_glcm_DifferenceAverage"
"598",0.997901152319233,"wavelet.HHL_glcm_DifferenceEntropy"
"599",0.997277916584884,"wavelet.HHL_glcm_DifferenceVariance"
"600",0.996951983720615,"wavelet.HHL_glcm_Id"
"601",0.996909451367109,"wavelet.HHL_glcm_Idm"
"602",0.91510139058612,"wavelet.HHL_glcm_Idmn"
"603",0.934180744855374,"wavelet.HHL_glcm_Idn"
"604",0.98974392655155,"wavelet.HHL_glcm_Imc1"
"605",0.992455154812541,"wavelet.HHL_glcm_Imc2"
"606",0.995132206320214,"wavelet.HHL_glcm_InverseVariance"
"607",0.989124644071831,"wavelet.HHL_glcm_JointAverage"
"608",0.997176035039534,"wavelet.HHL_glcm_JointEnergy"
"609",0.997552527298902,"wavelet.HHL_glcm_JointEntropy"
"610",0.880845259894546,"wavelet.HHL_glcm_MCC"
"611",0.994983641494377,"wavelet.HHL_glcm_MaximumProbability"
"612",0.989124644048566,"wavelet.HHL_glcm_SumAverage"
"613",0.99754270317388,"wavelet.HHL_glcm_SumEntropy"
"614",0.996421504684523,"wavelet.HHL_glcm_SumSquares"
"615",0.997093196574019,"wavelet.HHL_glrlm_GrayLevelNonUniformity"
"616",0.997669200160822,"wavelet.HHL_glrlm_GrayLevelNonUniformityNormalized"
"617",0.997796988735156,"wavelet.HHL_glrlm_GrayLevelVariance"
"618",0.99425716818626,"wavelet.HHL_glrlm_HighGrayLevelRunEmphasis"
"619",0.989187312930064,"wavelet.HHL_glrlm_LongRunEmphasis"
"620",0.987077566579261,"wavelet.HHL_glrlm_LongRunHighGrayLevelEmphasis"
"621",0.979911375409452,"wavelet.HHL_glrlm_LongRunLowGrayLevelEmphasis"
"622",0.968984243744905,"wavelet.HHL_glrlm_LowGrayLevelRunEmphasis"
"623",0.989810349770418,"wavelet.HHL_glrlm_RunEntropy"
"624",0.997368336869119,"wavelet.HHL_glrlm_RunLengthNonUniformity"
"625",0.979277294728943,"wavelet.HHL_glrlm_RunLengthNonUniformityNormalized"
"626",0.983590134043474,"wavelet.HHL_glrlm_RunPercentage"
"627",0.989214251731014,"wavelet.HHL_glrlm_RunVariance"
"628",0.983515301459482,"wavelet.HHL_glrlm_ShortRunEmphasis"
"629",0.994954681918486,"wavelet.HHL_glrlm_ShortRunHighGrayLevelEmphasis"
"630",0.961757304328666,"wavelet.HHL_glrlm_ShortRunLowGrayLevelEmphasis"
"631",0.990481421660495,"wavelet.HHL_glszm_GrayLevelNonUniformity"
"632",0.990306098270157,"wavelet.HHL_glszm_GrayLevelNonUniformityNormalized"
"633",0.990020289500585,"wavelet.HHL_glszm_GrayLevelVariance"
"634",0.99369284954542,"wavelet.HHL_glszm_HighGrayLevelZoneEmphasis"
"635",0.999166558401636,"wavelet.HHL_glszm_LargeAreaEmphasis"
"636",0.997079761788466,"wavelet.HHL_glszm_LargeAreaHighGrayLevelEmphasis"
"637",0.998656706909697,"wavelet.HHL_glszm_LargeAreaLowGrayLevelEmphasis"
"638",0.959863258896355,"wavelet.HHL_glszm_LowGrayLevelZoneEmphasis"
"639",0.997260440225105,"wavelet.HHL_glszm_SizeZoneNonUniformity"
"640",0.521079406837672,"wavelet.HHL_glszm_SizeZoneNonUniformityNormalized"
"641",0.608918637404109,"wavelet.HHL_glszm_SmallAreaEmphasis"
"642",0.993608340050192,"wavelet.HHL_glszm_SmallAreaHighGrayLevelEmphasis"
"643",0.938193688969271,"wavelet.HHL_glszm_SmallAreaLowGrayLevelEmphasis"
"644",0.960391419773075,"wavelet.HHL_glszm_ZoneEntropy"
"645",0.980925889763966,"wavelet.HHL_glszm_ZonePercentage"
"646",0.999116191638974,"wavelet.HHL_glszm_ZoneVariance"
"647",0.991946708402466,"wavelet.HHL_gldm_DependenceEntropy"
"648",0.996608131022778,"wavelet.HHL_gldm_DependenceNonUniformity"
"649",0.992145685182138,"wavelet.HHL_gldm_DependenceNonUniformityNormalized"
"650",0.991530513569256,"wavelet.HHL_gldm_DependenceVariance"
"651",0.996668948627939,"wavelet.HHL_gldm_GrayLevelNonUniformity"
"652",0.996634169616171,"wavelet.HHL_gldm_GrayLevelVariance"
"653",0.994204496191554,"wavelet.HHL_gldm_HighGrayLevelEmphasis"
"654",0.985445115722115,"wavelet.HHL_gldm_LargeDependenceEmphasis"
"655",0.984552386131424,"wavelet.HHL_gldm_LargeDependenceHighGrayLevelEmphasis"
"656",0.980992947915318,"wavelet.HHL_gldm_LargeDependenceLowGrayLevelEmphasis"
"657",0.969977377958332,"wavelet.HHL_gldm_LowGrayLevelEmphasis"
"658",0.976225630472311,"wavelet.HHL_gldm_SmallDependenceEmphasis"
"659",0.988109794513873,"wavelet.HHL_gldm_SmallDependenceHighGrayLevelEmphasis"
"660",0.842616626742303,"wavelet.HHL_gldm_SmallDependenceLowGrayLevelEmphasis"
"661",0.983082225472774,"wavelet.HHL_ngtdm_Busyness"
"662",0.988933286262249,"wavelet.HHL_ngtdm_Coarseness"
"663",0.992558206550855,"wavelet.HHL_ngtdm_Complexity"
"664",0.861395076970084,"wavelet.HHL_ngtdm_Contrast"
"665",0.991265206039015,"wavelet.HHL_ngtdm_Strength"
"666",0.998435973050141,"wavelet.HHH_firstorder_10Percentile"
"667",0.997240846061875,"wavelet.HHH_firstorder_90Percentile"
"668",0.996500286274644,"wavelet.HHH_firstorder_Energy"
"669",0.99795957253238,"wavelet.HHH_firstorder_Entropy"
"670",0.997724079495376,"wavelet.HHH_firstorder_InterquartileRange"
"671",0.992563652441404,"wavelet.HHH_firstorder_Kurtosis"
"672",0.999999999999994,"wavelet.HHH_firstorder_Maximum"
"673",0.997942670000311,"wavelet.HHH_firstorder_MeanAbsoluteDeviation"
"674",0.939635892647404,"wavelet.HHH_firstorder_Mean"
"675",0.904482759193608,"wavelet.HHH_firstorder_Median"
"676",0.999999999992151,"wavelet.HHH_firstorder_Minimum"
"677",0.999999999999995,"wavelet.HHH_firstorder_Range"
"678",0.997621896324729,"wavelet.HHH_firstorder_RobustMeanAbsoluteDeviation"
"679",0.950404155233397,"wavelet.HHH_firstorder_RootMeanSquared"
"680",0.988875268893093,"wavelet.HHH_firstorder_Skewness"
"681",0.996500286261931,"wavelet.HHH_firstorder_TotalEnergy"
"682",0.997696103674243,"wavelet.HHH_firstorder_Uniformity"
"683",0.997666278628062,"wavelet.HHH_firstorder_Variance"
"684",0.999999501827154,"wavelet.HHH_glcm_Autocorrelation"
"685",0.998087819232184,"wavelet.HHH_glcm_ClusterProminence"
"686",0.952268210800401,"wavelet.HHH_glcm_ClusterShade"
"687",0.997830568291094,"wavelet.HHH_glcm_ClusterTendency"
"688",0.997299552367032,"wavelet.HHH_glcm_Contrast"
"689",0.969772543226218,"wavelet.HHH_glcm_Correlation"
"690",0.997757249171955,"wavelet.HHH_glcm_DifferenceAverage"
"691",0.997981265259354,"wavelet.HHH_glcm_DifferenceEntropy"
"692",0.997117233777133,"wavelet.HHH_glcm_DifferenceVariance"
"693",0.998098131269607,"wavelet.HHH_glcm_Id"
"694",0.998102971637425,"wavelet.HHH_glcm_Idm"
"695",0.999305116033866,"wavelet.HHH_glcm_Idmn"
"696",0.999691641095823,"wavelet.HHH_glcm_Idn"
"697",0.98382186472154,"wavelet.HHH_glcm_Imc1"
"698",0.990777744343018,"wavelet.HHH_glcm_Imc2"
"699",0.996336632100679,"wavelet.HHH_glcm_InverseVariance"
"700",0.999999486913296,"wavelet.HHH_glcm_JointAverage"
"701",0.998187043225106,"wavelet.HHH_glcm_JointEnergy"
"702",0.998093827554958,"wavelet.HHH_glcm_JointEntropy"
"703",0.973435100833242,"wavelet.HHH_glcm_MCC"
"704",0.99654506514851,"wavelet.HHH_glcm_MaximumProbability"
"705",0.999999486912276,"wavelet.HHH_glcm_SumAverage"
"706",0.997990650059644,"wavelet.HHH_glcm_SumEntropy"
"707",0.997580098600533,"wavelet.HHH_glcm_SumSquares"
"708",0.997128529105643,"wavelet.HHH_glrlm_GrayLevelNonUniformity"
"709",0.998306007203895,"wavelet.HHH_glrlm_GrayLevelNonUniformityNormalized"
"710",0.997991545954471,"wavelet.HHH_glrlm_GrayLevelVariance"
"711",0.999997169944988,"wavelet.HHH_glrlm_HighGrayLevelRunEmphasis"
"712",0.987789971902795,"wavelet.HHH_glrlm_LongRunEmphasis"
"713",0.998163196893147,"wavelet.HHH_glrlm_LongRunHighGrayLevelEmphasis"
"714",0.999902661036837,"wavelet.HHH_glrlm_LongRunLowGrayLevelEmphasis"
"715",0.999959514263746,"wavelet.HHH_glrlm_LowGrayLevelRunEmphasis"
"716",0.97795318935424,"wavelet.HHH_glrlm_RunEntropy"
"717",0.997003345933661,"wavelet.HHH_glrlm_RunLengthNonUniformity"
"718",0.982375192822097,"wavelet.HHH_glrlm_RunLengthNonUniformityNormalized"
"719",0.983948175554643,"wavelet.HHH_glrlm_RunPercentage"
"720",0.987035077114353,"wavelet.HHH_glrlm_RunVariance"
"721",0.985538704416531,"wavelet.HHH_glrlm_ShortRunEmphasis"
"722",0.999755045810947,"wavelet.HHH_glrlm_ShortRunHighGrayLevelEmphasis"
"723",0.999893691358914,"wavelet.HHH_glrlm_ShortRunLowGrayLevelEmphasis"
"724",0.98539743760322,"wavelet.HHH_glszm_GrayLevelNonUniformity"
"725",0.97934938574073,"wavelet.HHH_glszm_GrayLevelNonUniformityNormalized"
"726",0.995880018113271,"wavelet.HHH_glszm_GrayLevelVariance"
"727",0.999588720638147,"wavelet.HHH_glszm_HighGrayLevelZoneEmphasis"
"728",0.99788125345706,"wavelet.HHH_glszm_LargeAreaEmphasis"
"729",0.995317470136632,"wavelet.HHH_glszm_LargeAreaHighGrayLevelEmphasis"
"730",0.998368507662159,"wavelet.HHH_glszm_LargeAreaLowGrayLevelEmphasis"
"731",0.999377590201353,"wavelet.HHH_glszm_LowGrayLevelZoneEmphasis"
"732",0.985675191828034,"wavelet.HHH_glszm_SizeZoneNonUniformity"
"733",0.844317930534108,"wavelet.HHH_glszm_SizeZoneNonUniformityNormalized"
"734",0.859737263662074,"wavelet.HHH_glszm_SmallAreaEmphasis"
"735",0.996567254389108,"wavelet.HHH_glszm_SmallAreaHighGrayLevelEmphasis"
"736",0.99864050340651,"wavelet.HHH_glszm_SmallAreaLowGrayLevelEmphasis"
"737",0.984785507334801,"wavelet.HHH_glszm_ZoneEntropy"
"738",0.984796048323504,"wavelet.HHH_glszm_ZonePercentage"
"739",0.997849415896437,"wavelet.HHH_glszm_ZoneVariance"
"740",0.993930828977164,"wavelet.HHH_gldm_DependenceEntropy"
"741",0.996215459489577,"wavelet.HHH_gldm_DependenceNonUniformity"
"742",0.992310405452746,"wavelet.HHH_gldm_DependenceNonUniformityNormalized"
"743",0.995001575744952,"wavelet.HHH_gldm_DependenceVariance"
"744",0.996774169059773,"wavelet.HHH_gldm_GrayLevelNonUniformity"
"745",0.997292081346197,"wavelet.HHH_gldm_GrayLevelVariance"
"746",0.999998473605628,"wavelet.HHH_gldm_HighGrayLevelEmphasis"
"747",0.984407657927339,"wavelet.HHH_gldm_LargeDependenceEmphasis"
"748",0.997291318140474,"wavelet.HHH_gldm_LargeDependenceHighGrayLevelEmphasis"
"749",0.999896982842333,"wavelet.HHH_gldm_LargeDependenceLowGrayLevelEmphasis"
"750",0.99998096100056,"wavelet.HHH_gldm_LowGrayLevelEmphasis"
"751",0.979255872572587,"wavelet.HHH_gldm_SmallDependenceEmphasis"
"752",0.992238866049094,"wavelet.HHH_gldm_SmallDependenceHighGrayLevelEmphasis"
"753",0.99657152862557,"wavelet.HHH_gldm_SmallDependenceLowGrayLevelEmphasis"
"754",0.999236183708174,"wavelet.HHH_ngtdm_Busyness"
"755",0.988254311191566,"wavelet.HHH_ngtdm_Coarseness"
"756",0.999980066014788,"wavelet.HHH_ngtdm_Complexity"
"757",0.998478089678029,"wavelet.HHH_ngtdm_Contrast"
"758",0.99454606512898,"wavelet.HHH_ngtdm_Strength"
"759",0.983226975276026,"wavelet.LLL_firstorder_10Percentile"
"760",0.999383385243528,"wavelet.LLL_firstorder_90Percentile"
"761",0.996536094579393,"wavelet.LLL_firstorder_Energy"
"762",0.990753104626075,"wavelet.LLL_firstorder_Entropy"
"763",0.989067865084212,"wavelet.LLL_firstorder_InterquartileRange"
"764",0.925122612162085,"wavelet.LLL_firstorder_Kurtosis"
"765",0.95893545649486,"wavelet.LLL_firstorder_Maximum"
"766",0.992035191532628,"wavelet.LLL_firstorder_MeanAbsoluteDeviation"
"767",0.993801778848252,"wavelet.LLL_firstorder_Mean"
"768",0.992325565629679,"wavelet.LLL_firstorder_Median"
"769",0.998985272049395,"wavelet.LLL_firstorder_Minimum"
"770",0.988937796417997,"wavelet.LLL_firstorder_Range"
"771",0.990876693021521,"wavelet.LLL_firstorder_RobustMeanAbsoluteDeviation"
"772",0.994625315896279,"wavelet.LLL_firstorder_RootMeanSquared"
"773",0.918834252465283,"wavelet.LLL_firstorder_Skewness"
"774",0.996536094592548,"wavelet.LLL_firstorder_TotalEnergy"
"775",0.986881478273815,"wavelet.LLL_firstorder_Uniformity"
"776",0.97631202226223,"wavelet.LLL_firstorder_Variance"
"777",0.996810071607211,"wavelet.LLL_glcm_Autocorrelation"
"778",0.787032379303873,"wavelet.LLL_glcm_ClusterProminence"
"779",0.900711176570595,"wavelet.LLL_glcm_ClusterShade"
"780",0.99034421695721,"wavelet.LLL_glcm_ClusterTendency"
"781",0.9794251793392,"wavelet.LLL_glcm_Contrast"
"782",0.965495887983677,"wavelet.LLL_glcm_Correlation"
"783",0.991974034335741,"wavelet.LLL_glcm_DifferenceAverage"
"784",0.9945865629075,"wavelet.LLL_glcm_DifferenceEntropy"
"785",0.972953449324539,"wavelet.LLL_glcm_DifferenceVariance"
"786",0.995690320832623,"wavelet.LLL_glcm_Id"
"787",0.995798294880934,"wavelet.LLL_glcm_Idm"
"788",0.953581127126817,"wavelet.LLL_glcm_Idmn"
"789",0.973746768901574,"wavelet.LLL_glcm_Idn"
"790",0.988751899614523,"wavelet.LLL_glcm_Imc1"
"791",0.915197859665382,"wavelet.LLL_glcm_Imc2"
"792",0.995333306303905,"wavelet.LLL_glcm_InverseVariance"
"793",0.997680556267001,"wavelet.LLL_glcm_JointAverage"
"794",0.989805494849685,"wavelet.LLL_glcm_JointEnergy"
"795",0.991433661708167,"wavelet.LLL_glcm_JointEntropy"
"796",0.978576786602827,"wavelet.LLL_glcm_MCC"
"797",0.993207998807972,"wavelet.LLL_glcm_MaximumProbability"
"798",0.997680556278863,"wavelet.LLL_glcm_SumAverage"
"799",0.984673943652954,"wavelet.LLL_glcm_SumEntropy"
"800",0.99377345633823,"wavelet.LLL_glcm_SumSquares"
"801",0.998091192945027,"wavelet.LLL_glrlm_GrayLevelNonUniformity"
"802",0.985461642169641,"wavelet.LLL_glrlm_GrayLevelNonUniformityNormalized"
"803",0.974506072637836,"wavelet.LLL_glrlm_GrayLevelVariance"
"804",0.996966111030746,"wavelet.LLL_glrlm_HighGrayLevelRunEmphasis"
"805",0.997419980233542,"wavelet.LLL_glrlm_LongRunEmphasis"
"806",0.994745020917525,"wavelet.LLL_glrlm_LongRunHighGrayLevelEmphasis"
"807",0.980880805724682,"wavelet.LLL_glrlm_LongRunLowGrayLevelEmphasis"
"808",0.93300289622913,"wavelet.LLL_glrlm_LowGrayLevelRunEmphasis"
"809",0.981565141571911,"wavelet.LLL_glrlm_RunEntropy"
"810",0.995230203412813,"wavelet.LLL_glrlm_RunLengthNonUniformity"
"811",0.99511995076213,"wavelet.LLL_glrlm_RunLengthNonUniformityNormalized"
"812",0.996077607379272,"wavelet.LLL_glrlm_RunPercentage"
"813",0.997998887916209,"wavelet.LLL_glrlm_RunVariance"
"814",0.995564900532261,"wavelet.LLL_glrlm_ShortRunEmphasis"
"815",0.997329199162495,"wavelet.LLL_glrlm_ShortRunHighGrayLevelEmphasis"
"816",0.922335363508675,"wavelet.LLL_glrlm_ShortRunLowGrayLevelEmphasis"
"817",0.992182508695802,"wavelet.LLL_glszm_GrayLevelNonUniformity"
"818",0.989985074771485,"wavelet.LLL_glszm_GrayLevelNonUniformityNormalized"
"819",0.955904959677462,"wavelet.LLL_glszm_GrayLevelVariance"
"820",0.996299912091338,"wavelet.LLL_glszm_HighGrayLevelZoneEmphasis"
"821",0.998420020209054,"wavelet.LLL_glszm_LargeAreaEmphasis"
"822",0.998372041927195,"wavelet.LLL_glszm_LargeAreaHighGrayLevelEmphasis"
"823",0.998073472327344,"wavelet.LLL_glszm_LargeAreaLowGrayLevelEmphasis"
"824",0.883766670769672,"wavelet.LLL_glszm_LowGrayLevelZoneEmphasis"
"825",0.996590424371579,"wavelet.LLL_glszm_SizeZoneNonUniformity"
"826",0.982947915005926,"wavelet.LLL_glszm_SizeZoneNonUniformityNormalized"
"827",0.981915918316708,"wavelet.LLL_glszm_SmallAreaEmphasis"
"828",0.996557807695416,"wavelet.LLL_glszm_SmallAreaHighGrayLevelEmphasis"
"829",0.859806059814954,"wavelet.LLL_glszm_SmallAreaLowGrayLevelEmphasis"
"830",0.995192257163199,"wavelet.LLL_glszm_ZoneEntropy"
"831",0.993698070859371,"wavelet.LLL_glszm_ZonePercentage"
"832",0.998430316977955,"wavelet.LLL_glszm_ZoneVariance"
"833",0.972422177364468,"wavelet.LLL_gldm_DependenceEntropy"
"834",0.996001896980213,"wavelet.LLL_gldm_DependenceNonUniformity"
"835",0.990384497791609,"wavelet.LLL_gldm_DependenceNonUniformityNormalized"
"836",0.99797053132683,"wavelet.LLL_gldm_DependenceVariance"
"837",0.998704098121986,"wavelet.LLL_gldm_GrayLevelNonUniformity"
"838",0.976386569070844,"wavelet.LLL_gldm_GrayLevelVariance"
"839",0.996993799610425,"wavelet.LLL_gldm_HighGrayLevelEmphasis"
"840",0.997266863953908,"wavelet.LLL_gldm_LargeDependenceEmphasis"
"841",0.994528864366655,"wavelet.LLL_gldm_LargeDependenceHighGrayLevelEmphasis"
"842",0.998996825096247,"wavelet.LLL_gldm_LargeDependenceLowGrayLevelEmphasis"
"843",0.93952030333209,"wavelet.LLL_gldm_LowGrayLevelEmphasis"
"844",0.993401489209474,"wavelet.LLL_gldm_SmallDependenceEmphasis"
"845",0.997790557365035,"wavelet.LLL_gldm_SmallDependenceHighGrayLevelEmphasis"
"846",0.825760006368057,"wavelet.LLL_gldm_SmallDependenceLowGrayLevelEmphasis"
"847",0.994072969367699,"wavelet.LLL_ngtdm_Busyness"
"848",0.993348550770017,"wavelet.LLL_ngtdm_Coarseness"
"849",0.983109856946794,"wavelet.LLL_ngtdm_Complexity"
"850",0.975003050279479,"wavelet.LLL_ngtdm_Contrast"
"851",0.852307744046788,"wavelet.LLL_ngtdm_Strength"
